id,name,add,jobTitle,phoneNo,sal
1,Anuj,Noida,Developer,1234656,135000
2,Anuj,Noida,Developer,1234656,135000
3,Anuj,Noida,Developer,1234656,135000
4,Anuj,Noida,Developer,1234656,135000
5,Anuj,Noida,Developer,1234656,135000
6,Anuj,Noida,Developer,1234656,135000
7,Anuj,Noida,Developer,1234656,135000
8,Anuj,Noida,Developer,1234656,135000
9,Anuj,Noida,Developer,1234656,135000
10,Anuj,Noida,Developer,1234656,135000
11,Anuj,Noida,Developer,1234656,135000
12,Anuj,Noida,Developer,1234656,135000
13,Anuj,Noida,Developer,1234656,135000
14,Anuj,Noida,Developer,1234656,135000
21,Anuj,Noida,Developer,1234656,135000
22,Anuj,Noida,Developer,1234656,135000
23,Anuj,Noida,Developer,1234656,135000
24,Anuj,Noida,Developer,1234656,135000
25,Anuj,Noida,Developer,1234656,135000
26,Anuj,Noida,Developer,1234656,135000
27,Anuj,Noida,Developer,1234656,135000
28,Anuj,Noida,Developer,1234656,135000
29,Anuj,Noida,Developer,1234656,135000
30,Anuj,Noida,Developer,1234656,135000
31,Anuj,Noida,Developer,1234656,135000
32,Anuj,Noida,Developer,1234656,135000
33,Anuj,Noida,Developer,1234656,135000
34,Anuj,Noida,Developer,1234656,135000
35,Anuj,Noida,Developer,1234656,135000
36,Anuj,Noida,Developer,1234656,135000
37,Anuj,Noida,Developer,1234656,135000
38,Anuj,Noida,Developer,1234656,135000
39,Anuj,Noida,Developer,1234656,135000
40,Anuj,Noida,Developer,1234656,135000
41,Anuj,Noida,Developer,1234656,135000
42,Anuj,Noida,Developer,1234656,135000
43,Anuj,Noida,Developer,1234656,135000
44,Anuj,Noida,Developer,1234656,135000
45,Anuj,Noida,Developer,1234656,135000
46,Anuj,Noida,Developer,1234656,135000
47,Anuj,Noida,Developer,1234656,135000
48,Anuj,Noida,Developer,1234656,135000
49,Anuj,Noida,Developer,1234656,135000
50,Anuj,Noida,Developer,1234656,135000
51,Anuj,Noida,Developer,1234656,135000
52,Anuj,Noida,Developer,1234656,135000
53,Anuj,Noida,Developer,1234656,135000
54,Anuj,Noida,Developer,1234656,135000
55,Anuj,Noida,Developer,1234656,135000
56,Anuj,Noida,Developer,1234656,135000
57,Anuj,Noida,Developer,1234656,135000
58,Anuj,Noida,Developer,1234656,135000
59,Anuj,Noida,Developer,1234656,135000
60,Anuj,Noida,Developer,1234656,135000
61,Anuj,Noida,Developer,1234656,135000
62,Anuj,Noida,Developer,1234656,135000
63,Anuj,Noida,Developer,1234656,135000
64,Anuj,Noida,Developer,1234656,135000
65,Anuj,Noida,Developer,1234656,135000
66,Anuj,Noida,Developer,1234656,135000
67,Anuj,Noida,Developer,1234656,135000
68,Anuj,Noida,Developer,1234656,135000
69,Anuj,Noida,Developer,1234656,135000
70,Anuj,Noida,Developer,1234656,135000
71,Anuj,Noida,Developer,1234656,135000
72,Anuj,Noida,Developer,1234656,135000
73,Anuj,Noida,Developer,1234656,135000
74,Anuj,Noida,Developer,1234656,135000
75,Anuj,Noida,Developer,1234656,135000
76,Anuj,Noida,Developer,1234656,135000
77,Anuj,Noida,Developer,1234656,135000
78,Anuj,Noida,Developer,1234656,135000
79,Anuj,Noida,Developer,1234656,135000
80,Anuj,Noida,Developer,1234656,135000
81,Anuj,Noida,Developer,1234656,135000
82,Anuj,Noida,Developer,1234656,135000
83,Anuj,Noida,Developer,1234656,135000
84,Anuj,Noida,Developer,1234656,135000
85,Anuj,Noida,Developer,1234656,135000
86,Anuj,Noida,Developer,1234656,135000
87,Anuj,Noida,Developer,1234656,135000
88,Anuj,Noida,Developer,1234656,135000
89,Anuj,Noida,Developer,1234656,135000
90,Anuj,Noida,Developer,1234656,135000
91,Anuj,Noida,Developer,1234656,135000
92,Anuj,Noida,Developer,1234656,135000
93,Anuj,Noida,Developer,1234656,135000
94,Anuj,Noida,Developer,1234656,135000
95,Anuj,Noida,Developer,1234656,135000
96,Anuj,Noida,Developer,1234656,135000
97,Anuj,Noida,Developer,1234656,135000
98,Anuj,Noida,Developer,1234656,135000
99,Anuj,Noida,Developer,1234656,135000
100,Anuj,Noida,Developer,1234656,135000
101,Anuj,Noida,Developer,1234656,135000
102,Anuj,Noida,Developer,1234656,135000
103,Anuj,Noida,Developer,1234656,135000
104,Anuj,Noida,Developer,1234656,135000
105,Anuj,Noida,Developer,1234656,135000
106,Anuj,Noida,Developer,1234656,135000
107,Anuj,Noida,Developer,1234656,135000
108,Anuj,Noida,Developer,1234656,135000
109,Anuj,Noida,Developer,1234656,135000
110,Anuj,Noida,Developer,1234656,135000
111,Anuj,Noida,Developer,1234656,135000
112,Anuj,Noida,Developer,1234656,135000
113,Anuj,Noida,Developer,1234656,135000
114,Anuj,Noida,Developer,1234656,135000
115,Anuj,Noida,Developer,1234656,135000
116,Anuj,Noida,Developer,1234656,135000
117,Anuj,Noida,Developer,1234656,135000
118,Anuj,Noida,Developer,1234656,135000
121,Anuj,Noida,Developer,1234656,135000
122,Anuj,Noida,Developer,1234656,135000
123,Anuj,Noida,Developer,1234656,135000
124,Anuj,Noida,Developer,1234656,135000
125,Anuj,Noida,Developer,1234656,135000
126,Anuj,Noida,Developer,1234656,135000
127,Anuj,Noida,Developer,1234656,135000
128,Anuj,Noida,Developer,1234656,135000
129,Anuj,Noida,Developer,1234656,135000
130,Anuj,Noida,Developer,1234656,135000
131,Anuj,Noida,Developer,1234656,135000
132,Anuj,Noida,Developer,1234656,135000
133,Anuj,Noida,Developer,1234656,135000
134,Anuj,Noida,Developer,1234656,135000
